Submit Time,Wait Time,Run Time,No. Allocated Processors,Requested Memory,Flavor
1/1/70 12:00 AM,0,3691,4,5904,583
1/1/70 12:07 AM,5,3362,1,1024,1
1/1/70 12:31 AM,12,626,10,32768,262
1/1/70 12:59 AM,11,647,10,32768,262
1/1/70 1:06 AM,7,3039,4,3200,539
1/1/70 1:07 AM,5,6253,1,1024,1
1/1/70 1:12 AM,15,2412,1,6400,221
1/1/70 1:13 AM,5,986,1,3840,171
1/1/70 1:18 AM,6,25,10,32768,262
1/1/70 1:35 AM,3,1105,4,4000,553
1/1/70 1:37 AM,52632,23087,4,32768,541
1/1/70 1:39 AM,5,1609,1,3840,171
1/1/70 1:41 AM,4,245,10,32768,262
1/1/70 1:52 AM,4,8908,8,32768,623
1/1/70 1:53 AM,4,300,2,4800,379
1/1/70 1:55 AM,7,48,1,1024,1
1/1/70 1:57 AM,5,23,1,1024,1
1/1/70 2:00 AM,8,23,1,1024,1
1/1/70 2:01 AM,3,441,4,8192,612
1/1/70 2:02 AM,5,24,1,1024,1
1/1/70 2:04 AM,5,122,1,1024,1
1/1/70 2:04 AM,5,54,1,1024,1
1/1/70 2:04 AM,5,13,1,1024,1
1/1/70 2:05 AM,7,1936,1,3200,152
1/1/70 2:07 AM,4,3945,1,1024,1
1/1/70 2:07 AM,5,33,1,1024,1
1/1/70 2:08 AM,7,35,1,1024,1
1/1/70 2:10 AM,10,33,1,1024,1
1/1/70 2:12 AM,5,26,1,1024,1
1/1/70 2:13 AM,3,564,10,32768,262
1/1/70 2:15 AM,6,46,1,1024,1
1/1/70 2:15 AM,3,185,4,8192,612
1/1/70 2:18 AM,8,97,1,1024,1
1/1/70 2:21 AM,6,26,1,1024,1
1/1/70 2:23 AM,8,25,1,1024,1
1/1/70 2:23 AM,3,17,2,4800,379
1/1/70 2:24 AM,4,17,1,12800,25
1/1/70 2:24 AM,3,2815,2,4800,379
1/1/70 2:24 AM,5,2797,1,12800,25
1/1/70 2:25 AM,4,40,1,1024,1
1/1/70 2:27 AM,6,39,1,1024,1
1/1/70 2:29 AM,5,45,1,1024,1
1/1/70 2:31 AM,6,35,1,1024,1
1/1/70 2:36 AM,10,254,4,8192,612
1/1/70 2:38 AM,5,49,1,1024,1
1/1/70 2:42 AM,15,79,1,1024,1
1/1/70 2:43 AM,7,28,10,32768,262
1/1/70 2:43 AM,7,28,1,1024,1
1/1/70 2:50 AM,12,6450,4,3424,545
1/1/70 2:50 AM,5,27,1,11840,15
1/1/70 2:52 AM,16,27,10,32768,262
1/1/70 2:53 AM,4,138,4,8192,612
1/1/70 2:53 AM,8,4514,1,3840,171
1/1/70 2:53 AM,6,65,1,11840,15
1/1/70 2:54 AM,5,302,10,32768,262
1/1/70 2:55 AM,6,1002,1,1024,1
1/1/70 2:59 AM,13,49,10,32768,262
1/1/70 3:00 AM,11,52,10,16384,261
1/1/70 3:00 AM,9,24,10,16384,261
1/1/70 3:03 AM,4,8871,10,32768,262
1/1/70 3:08 AM,9,1453,2,1024,266
1/1/70 3:11 AM,9,12,2,4800,379
1/1/70 3:12 AM,5,13,1,12800,25
1/1/70 3:12 AM,3,626,2,4800,379
1/1/70 3:12 AM,5,612,1,12800,25
1/1/70 3:19 AM,12,8264,2,4800,379
1/1/70 3:22 AM,10,59,1,1024,1
1/1/70 3:23 AM,6,500,1,1024,1
1/1/70 3:26 AM,4,8641,4,5904,583
1/1/70 3:30 AM,6,19,2,4800,379
1/1/70 3:30 AM,6,89,1,14400,44
1/1/70 3:30 AM,7,15,1,12800,25
1/1/70 3:31 AM,3,1945,2,4800,379
1/1/70 3:31 AM,5,2192,1,12800,25
1/1/70 3:33 AM,4,130,1,14400,44
1/1/70 3:39 AM,10,887,1,1024,1
1/1/70 3:41 AM,12,5143,1,1024,1
1/1/70 3:42 AM,4,5092,1,1024,1
1/1/70 3:42 AM,3,647,2,1920,333
1/1/70 3:42 AM,4,58,1,5440,206
1/1/70 3:47 AM,12,1358,1,16384,66
1/1/70 3:48 AM,5,273,1,5440,206
1/1/70 3:54 AM,8,15,4,2400,520
1/1/70 3:57 AM,5,674,2,1920,333
1/1/70 3:59 AM,7,699,1,3200,152
1/1/70 3:59 AM,5,65,1,5440,206
1/1/70 4:00 AM,5,7952,4,2400,520
1/1/70 4:01 AM,5,456,1,1024,1
1/1/70 4:05 AM,7,1061,4,8192,612
1/1/70 4:05 AM,4,18,2,4800,379
1/1/70 4:06 AM,6,15,1,12800,25
1/1/70 4:06 AM,3,115,2,4800,379
1/1/70 4:10 AM,26,24,2,4800,379
1/1/70 4:10 AM,6,38,1,12800,25
1/1/70 4:13 AM,3,327,2,4800,379
1/1/70 4:13 AM,5,302,1,12800,25
1/1/70 4:13 AM,3,8047,2,8192,424
1/1/70 4:13 AM,4,1856,2,1920,333
1/1/70 4:14 AM,9,98,2,6400,404
1/1/70 4:18 AM,5,35,2,4800,379
1/1/70 4:19 AM,7,21,1,12800,25
1/1/70 4:20 AM,5,250,2,4800,379
1/1/70 4:21 AM,155,205,2,16384,326
1/1/70 4:21 AM,4,7906,2,4000,370
1/1/70 4:28 AM,5,49,2,4800,379
1/1/70 4:29 AM,8,18,1,12800,25
1/1/70 4:29 AM,3,2529,2,4800,379
1/1/70 4:30 AM,5,3892,1,12800,25
1/1/70 4:44 AM,17,5106,1,1024,1
1/1/70 4:44 AM,14,73,1,11840,15
1/1/70 4:49 AM,21,414,1,11840,15
1/1/70 4:50 AM,7,2628,1,8192,244
1/1/70 4:53 AM,16,364,2,1920,333
1/1/70 5:04 AM,17,1235,8,32768,623
1/1/70 5:09 AM,9,22,1,1024,1
1/1/70 5:11 AM,5,113,1,11840,15
1/1/70 5:14 AM,7,34,1,1024,1
1/1/70 5:15 AM,5,25,1,11840,15
1/1/70 5:18 AM,425,9104,8,32768,623
1/1/70 5:19 AM,7,3938,2,1024,266
1/1/70 5:22 AM,5,49,1,11840,15
1/1/70 5:23 AM,3,2211,4,4096,555
1/1/70 5:25 AM,8,41,1,11840,15
1/1/70 5:29 AM,5,25,1,11840,15
1/1/70 5:30 AM,5,129,2,1920,333
1/1/70 5:31 AM,11,12513,10,16384,261
1/1/70 5:35 AM,19,35,1,11840,15
1/1/70 5:39 AM,6,26,1,11840,15
1/1/70 5:41 AM,5,46,2,1920,333
1/1/70 5:46 AM,13,31,1,11840,15
1/1/70 5:48 AM,5,59,1,1024,1
1/1/70 5:59 AM,23,968,4,4096,555
1/1/70 5:59 AM,13,68,1,1024,1
1/1/70 6:02 AM,11,478,1,11840,15
1/1/70 6:06 AM,6653,713,8,32768,623
1/1/70 6:11 AM,6,31,1,11840,15
1/1/70 6:12 AM,9,1370,1,3200,152
1/1/70 6:14 AM,6,77,1,1024,1
1/1/70 6:14 AM,5,67,1,11840,15
1/1/70 6:17 AM,10,49,1,11840,15
1/1/70 6:19 AM,5,1427,4,8192,612
1/1/70 6:20 AM,4,10,1,11840,15
1/1/70 6:21 AM,7,25,1,11840,15
1/1/70 6:22 AM,5,1023,1,11840,15
1/1/70 6:23 AM,6,49,2,16384,326
1/1/70 6:26 AM,6,8460,4,8192,612
1/1/70 6:28 AM,4,72,2,16384,326
1/1/70 6:33 AM,5,131,2,16384,326
1/1/70 6:36 AM,4,61,4,5904,583
1/1/70 6:36 AM,3,114,4,8192,612
1/1/70 6:36 AM,5,24,1,3200,152
1/1/70 6:38 AM,6,297,1,1024,1
1/1/70 6:40 AM,7,28,2,3200,358
1/1/70 6:40 AM,5,123,1,11840,15
1/1/70 6:42 AM,4,7500,4,5904,583
1/1/70 6:44 AM,3,25,2,3200,358
1/1/70 6:44 AM,5,1015,1,11840,15
1/1/70 6:44 AM,4,45,1,1024,1
1/1/70 6:47 AM,7,3617,1,8192,244
1/1/70 6:49 AM,6,659,1,1024,1
1/1/70 6:49 AM,6,27,2,3200,358
1/1/70 6:49 AM,3,76,4,8192,612
1/1/70 6:56 AM,4,95,4,8192,612
1/1/70 6:57 AM,60,30,2,3200,358
1/1/70 6:58 AM,6527,347,4,16384,497
1/1/70 7:01 AM,4,847,2,8192,424
1/1/70 7:03 AM,6,35,1,11840,15
1/1/70 7:06 AM,6402,174,4,12288,460
1/1/70 7:06 AM,6,28,1,11840,15
1/1/70 7:07 AM,7,119,1,1024,1
1/1/70 7:09 AM,4,77,1,11840,15
1/1/70 7:17 AM,9,111,1,1024,1
1/1/70 7:24 AM,6,35,1,11840,15
1/1/70 7:24 AM,10,65,1,1024,1
1/1/70 7:27 AM,7,27,1,11840,15
1/1/70 7:31 AM,6,26,1,11840,15
1/1/70 7:35 AM,7,40,1,1024,1
1/1/70 7:36 AM,5,25,1,11840,15
1/1/70 7:39 AM,5,38,1,1024,1
1/1/70 7:40 AM,6,442,1,11840,15
1/1/70 7:40 AM,9,23,1,3200,152
1/1/70 7:42 AM,6,2649,1,1920,82
1/1/70 7:46 AM,7,54,1,1024,1
1/1/70 7:49 AM,5,4125,1,8192,244
1/1/70 7:50 AM,4,5186,1,1024,1
1/1/70 7:55 AM,5,302,1,11840,15
1/1/70 8:02 AM,6,83,1,11840,15
1/1/70 8:04 AM,5,462,1,11840,15
1/1/70 8:04 AM,8,50,1,11840,15
1/1/70 8:04 AM,292,5101,8,32768,623
1/1/70 8:08 AM,62,38,1,11840,15
1/1/70 8:11 AM,4,10416,2,9600,436
1/1/70 8:12 AM,5,37,1,11840,15
1/1/70 8:16 AM,10,43,1,11840,15
1/1/70 8:18 AM,11,663,1,3200,152
1/1/70 8:20 AM,1573,337,4,2400,520
1/1/70 8:20 AM,17,513,1,3200,152
1/1/70 8:22 AM,9,5253,2,4096,372
1/1/70 8:23 AM,10,64,1,11840,15
1/1/70 8:26 AM,9,57,1,11840,15
1/1/70 8:26 AM,11,1788,1,2272,100
1/1/70 8:27 AM,13,94,1,1024,1
1/1/70 8:28 AM,10,1509,1,11840,15
1/1/70 8:29 AM,10,190,1,11840,15
1/1/70 8:30 AM,10,621,1,1024,1
1/1/70 8:33 AM,11,33,1,11840,15
1/1/70 8:34 AM,10,30,1,11840,15
1/1/70 8:35 AM,10,1047,1,11840,15
1/1/70 8:43 AM,11,6472,2,4000,370
1/1/70 8:55 AM,5,132,1,1024,1
1/1/70 8:57 AM,13,7876,4,2400,520
1/1/70 8:57 AM,5,33,1,1024,1
1/1/70 8:58 AM,5,2020,1,8192,244
1/1/70 8:59 AM,17,1649,1,1024,1
1/1/70 9:01 AM,13,5207,1,11840,15
1/1/70 9:04 AM,27,5002,1,1024,1
1/1/70 9:05 AM,3,5768,1,6400,221
1/1/70 9:08 AM,7,178,10,32768,262
1/1/70 9:12 AM,4,9095,4,3424,545
1/1/70 9:12 AM,5,869,10,32768,262
1/1/70 9:15 AM,6,4573,1,11840,15
1/1/70 9:17 AM,5,1197,1,1024,1
1/1/70 9:23 AM,7,8507,2,8000,420
1/1/70 9:27 AM,4,578,10,32768,262
1/1/70 9:32 AM,159,1274,8,32768,623
1/1/70 9:33 AM,5,5023,1,8192,244
1/1/70 9:38 AM,12,525,1,1024,1
1/1/70 9:55 AM,9,336,1,1024,1
1/1/70 9:59 AM,10,8323,4,5904,583
1/1/70 10:06 AM,4,279,8,32768,623
1/1/70 10:31 AM,5,624,1,1024,1
1/1/70 10:32 AM,4,77,1,11840,15
1/1/70 10:41 AM,6,106,1,1024,1
1/1/70 10:41 AM,4,102,1,11840,15
1/1/70 10:45 AM,4,68,1,11840,15
1/1/70 10:49 AM,7,992,1,1024,1
1/1/70 10:52 AM,4,73,1,11840,15
1/1/70 11:00 AM,5,2354,1,8192,244
1/1/70 11:08 AM,7,69,1,11840,15
1/1/70 11:11 AM,5,67,1,11840,15
1/1/70 11:13 AM,4,9678,1,11840,15
1/1/70 11:44 AM,7,4008,1,11840,15
1/1/70 12:02 PM,5,1704,1,11840,15
1/1/70 12:12 PM,5,20,10,32768,262
1/1/70 12:14 PM,4,128,10,32768,262
1/1/70 12:18 PM,0,14199,4,32768,541
1/1/70 12:31 PM,3,296,1,12800,25
1/1/70 12:36 PM,3,79,1,12800,25
1/1/70 12:38 PM,3,19,1,1024,1
1/1/70 12:38 PM,35,1696,1,12800,25
1/1/70 12:41 PM,3,133,10,32768,262
1/1/70 1:11 PM,4,3908,2,16384,326
1/1/70 1:18 PM,4,4039,1,11840,15
1/1/70 1:26 PM,4,145,10,32768,262
1/1/70 1:35 PM,4,151,10,32768,262
1/1/70 1:45 PM,4,169,10,32768,262
1/1/70 1:59 PM,3,31,1,11840,15
1/1/70 2:06 PM,4,74,1,11840,15
1/1/70 2:10 PM,3,72,1,11840,15
1/1/70 2:20 PM,5,1137,8,32768,623
1/1/70 2:23 PM,3,66,1,11840,15
1/1/70 2:26 PM,3,91,1,11840,15
1/1/70 2:34 PM,267,3393,8,32768,623
1/1/70 2:53 PM,32770,4206,4,5904,583
1/1/70 3:09 PM,3,950,2,9600,436
1/1/70 4:13 PM,71559,14160,4,32768,541
1/2/70 12:12 AM,4,521,8,32768,623
1/2/70 12:14 AM,4,67,10,32768,262
1/2/70 12:16 AM,306,1456,8,32768,623
1/2/70 12:29 AM,5,53,10,32768,262
1/2/70 12:29 AM,20,242,10,32768,262
1/2/70 12:45 AM,8,2239,10,32768,262
1/2/70 12:53 AM,1816,181,10,32768,262
1/2/70 12:53 AM,3,4185,2,3200,358
1/2/70 12:53 AM,4,626,2,9600,436
1/2/70 12:53 AM,8,5722,1,6400,221
1/2/70 12:54 AM,5,5108,1,3200,152
1/2/70 12:54 AM,4,4946,1,3200,152
1/2/70 12:55 AM,3,4492,4,6800,596
1/2/70 1:12 AM,4,1151,2,9600,436
1/2/70 1:13 AM,7,47,1,11840,15
1/2/70 1:13 AM,7,32,1,1024,1
1/2/70 1:15 AM,7,39,1,1024,1
1/2/70 1:17 AM,13,33,2,1024,266
1/2/70 1:19 AM,4,38,2,1024,266
1/2/70 1:21 AM,8,43,2,1024,266
1/2/70 1:23 AM,18,148,1,1024,1
1/2/70 1:31 AM,7,365,2,9600,436
1/2/70 1:32 AM,5,22,1,3200,152
1/2/70 1:33 AM,4,432,2,9600,436
1/2/70 1:38 AM,3,2115,4,5600,578
1/2/70 1:39 AM,3,440,2,9600,436
1/2/70 1:43 AM,5,4324,2,9600,436
1/2/70 1:44 AM,51502,18729,4,32768,541
1/2/70 1:49 AM,6,27,2,4800,379
1/2/70 1:49 AM,3,6387,2,4800,379
1/2/70 1:50 AM,3,495,8,32768,623
1/2/70 1:57 AM,5,21,1,11840,15
1/2/70 1:59 AM,5,22,1,11840,15
1/2/70 1:59 AM,6,184,1,1024,1
1/2/70 1:59 AM,5,333,1,12800,25
1/2/70 2:01 AM,3,64,1,11840,15
1/2/70 2:02 AM,4,25,2,4800,379
1/2/70 2:02 AM,5,387,1,3200,152
1/2/70 2:02 AM,3,960,2,4800,379
1/2/70 2:03 AM,11,331,2,9600,436
1/2/70 2:03 AM,5,1171,4,4800,566
1/2/70 2:04 AM,5,1834,2,3200,358
1/2/70 2:09 AM,4,623,8,32768,623
1/2/70 2:09 AM,3,6096,4,6800,596
1/2/70 2:10 AM,6,27,1,11840,15
1/2/70 2:15 AM,11,363,1,3840,171
1/2/70 2:15 AM,5,33,1,1024,1
1/2/70 2:16 AM,9,7523,1,16384,66
1/2/70 2:18 AM,6,891,1,3200,152
1/2/70 2:19 AM,4,3870,1,3200,152
1/2/70 2:19 AM,4,3860,1,8192,244
1/2/70 2:19 AM,4,4879,4,8192,612
1/2/70 2:27 AM,7,8444,4,3424,545
1/2/70 2:28 AM,5,3330,1,8640,248
1/2/70 2:29 AM,8,365,1,12800,25
1/2/70 2:29 AM,5,374,1,3200,152
1/2/70 2:31 AM,4,5971,1,4096,176
1/2/70 2:34 AM,80,26,1,11840,15
1/2/70 2:35 AM,4,1462,1,1024,1
1/2/70 2:35 AM,5,6558,4,4800,566
1/2/70 2:40 AM,5,553,1,12800,25
1/2/70 2:49 AM,6,15130,8,32768,623
1/2/70 2:51 AM,8,4446,1,3840,171
1/2/70 2:54 AM,3,1175,2,9600,436
1/2/70 2:56 AM,1656,48,1,12800,25
1/2/70 2:57 AM,7,2014,1,1024,1
1/2/70 3:10 AM,3,19,1,2048,89
1/2/70 3:12 AM,4,57,1,2048,89
1/2/70 3:14 AM,4,142,1,2048,89
1/2/70 3:24 AM,7,110,1,2048,89
1/2/70 3:25 AM,3,244,1,12800,25
1/2/70 3:25 AM,3,175,1,2048,89
1/2/70 3:26 AM,70,4492,1,11840,15
1/2/70 3:30 AM,7,74,1,1024,1
1/2/70 3:37 AM,6,58,1,1024,1
1/2/70 3:38 AM,5,390,1,1024,1
1/2/70 3:39 AM,5,33,1,1024,1
1/2/70 3:41 AM,6,144,1,2048,89
1/2/70 3:42 AM,5,43,1,2048,89
1/2/70 3:42 AM,6,86,1,2048,89
1/2/70 3:44 AM,5,21,1,1024,1
1/2/70 3:45 AM,9,28,1,1024,1
1/2/70 3:47 AM,13,41,2,3200,358
1/2/70 3:49 AM,10,618,1,1024,1
1/2/70 3:50 AM,3,5067,4,6800,596
1/2/70 3:52 AM,10,992,1,1024,1
1/2/70 3:52 AM,3,175,2,3200,358
1/2/70 3:52 AM,4,296,4,8192,612
1/2/70 3:56 AM,5,181,1,2048,89
1/2/70 3:56 AM,5,162,1,2048,89
1/2/70 3:59 AM,6,155,1,2048,89
1/2/70 4:02 AM,6,86,1,2048,89
1/2/70 4:04 AM,3,7166,4,8192,612
1/2/70 4:04 AM,5,562,1,1024,1
1/2/70 4:04 AM,3,219,10,32768,262
1/2/70 4:11 AM,13,267,1,2048,89
1/2/70 4:11 AM,5,4621,1,1024,1
1/2/70 4:13 AM,7,137,1,2048,89
1/2/70 4:14 AM,4,185,2,3200,358
1/2/70 4:20 AM,12,1893,1,8192,244
1/2/70 4:22 AM,6,218,1,2048,89
1/2/70 4:22 AM,5,179,1,2048,89
1/2/70 4:27 AM,9215,3644,8,32768,623
1/2/70 4:32 AM,5,23,1,2048,89
1/2/70 4:32 AM,5,5581,2,9600,436
1/2/70 4:34 AM,16,228,1,2048,89
1/2/70 4:36 AM,5,91,1,2048,89
1/2/70 4:42 AM,6,56,1,2048,89
1/2/70 4:43 AM,3,4979,2,9600,436
1/2/70 4:49 AM,6,4773,1,8192,244
1/2/70 4:50 AM,5,30,1,11840,15
1/2/70 4:52 AM,4,5963,1,16384,66
1/2/70 4:53 AM,6,954,2,3200,358
1/2/70 4:53 AM,3,154,10,32768,262
1/2/70 4:55 AM,5,51,1,11840,15
1/2/70 4:58 AM,18,28,1,11840,15
1/2/70 4:58 AM,10,1152,1,1024,1
1/2/70 5:00 AM,5,25,1,1024,1
1/2/70 5:02 AM,5,239,1,2048,89
1/2/70 5:02 AM,4,231,1,2048,89
1/2/70 5:03 AM,5,319,1,1024,1
1/2/70 5:05 AM,5,950,1,4096,176
1/2/70 5:12 AM,13,31,1,11840,15
1/2/70 5:13 AM,3,3931,4,6800,596
1/2/70 5:14 AM,18,984,1,1024,1
1/2/70 5:14 AM,5,67,1,2048,89
1/2/70 5:16 AM,5,2077,1,3840,171
1/2/70 5:16 AM,3,545,4,2400,520
1/2/70 5:32 AM,7,555,4,2400,520
1/2/70 5:41 AM,25,54,1,1024,1
1/2/70 5:43 AM,10,42,1,11840,15
1/2/70 5:46 AM,5,346,1,1024,1
1/2/70 5:51 AM,9,52,1,16000,63
1/2/70 5:52 AM,4,338,4,1024,440
1/2/70 5:53 AM,6,360,1,16000,63
1/2/70 6:02 AM,14,34,1,16000,63
1/2/70 6:03 AM,5,202,1,16000,63
1/2/70 6:04 AM,5,2693,1,1024,1
1/2/70 6:08 AM,15,3392,1,16000,63
1/2/70 6:09 AM,4,55,1,11840,15
1/2/70 6:11 AM,5,5827,1,8192,244
1/2/70 6:12 AM,3,475,4,2400,520
1/2/70 6:14 AM,6,4126,1,3200,152
1/2/70 6:15 AM,6,1804,1,3840,171
1/2/70 6:17 AM,4,5674,4,6800,596
1/2/70 6:23 AM,7,52,1,11840,15
1/2/70 6:27 AM,4,6464,4,2400,520
1/2/70 6:30 AM,7,1789,1,14272,42
1/2/70 6:32 AM,5,762,1,1024,1
1/2/70 6:32 AM,3,7964,1,16384,66
1/2/70 6:41 AM,17,4117,1,3840,171
1/2/70 6:49 AM,22,1750,1,1024,1
1/2/70 6:57 AM,301,604,1,3200,152
1/2/70 7:01 AM,65,284,1,11840,15
1/2/70 7:01 AM,238,1149,1,15040,49
1/2/70 7:02 AM,3,414,4,8192,612
1/2/70 7:05 AM,51,3920,1,1024,1
1/2/70 7:06 AM,6,5897,1,6400,221
1/2/70 7:07 AM,3,32,1,3200,152
1/2/70 7:07 AM,33,105,1,11840,15
1/2/70 7:09 AM,8,914,1,16000,63
1/2/70 7:09 AM,3,971,4,8192,612
1/2/70 7:18 AM,6,421,1,1600,62
1/2/70 7:19 AM,3,936,2,9600,436
1/2/70 7:25 AM,7,4986,1,15040,49
1/2/70 7:29 AM,3,86,1,11840,15
1/2/70 7:30 AM,38,305,4,8192,612
1/2/70 7:33 AM,79,1440,10,32768,262
1/2/70 7:36 AM,6,5611,2,9600,436
1/2/70 7:38 AM,1209,187,10,32768,262
1/2/70 7:39 AM,5,2062,1,1024,1
1/2/70 7:41 AM,6,115,1,1024,1
1/2/70 7:43 AM,5,93,1,1024,1
1/2/70 7:46 AM,10,2273,1,3200,152
1/2/70 7:46 AM,4,6205,4,2400,520
1/2/70 7:48 AM,8,1989,1,1920,82
1/2/70 7:50 AM,12,180,1,1024,1
1/2/70 7:51 AM,3,2378,4,6800,596
1/2/70 7:53 AM,6,47,1,1600,62
1/2/70 8:01 AM,4,2807,4,5904,583
1/2/70 8:03 AM,4,146,1,8192,244
1/2/70 8:04 AM,4,415,8,32768,623
1/2/70 8:06 AM,3,6816,4,8192,612
1/2/70 8:06 AM,4,8014,4,3424,545
1/2/70 8:10 AM,5,72,1,8192,244
1/2/70 8:11 AM,4,11955,10,16384,261
1/2/70 8:13 AM,7,376,1,3200,152
1/2/70 8:15 AM,9,961,1,1024,1
1/2/70 8:18 AM,4,26,2,11808,284
1/2/70 8:19 AM,4,3289,1,1024,1
1/2/70 8:19 AM,13250,376,4,32768,541
1/2/70 8:21 AM,8,49,1,3200,152
1/2/70 8:22 AM,6,21,1,3200,152
1/2/70 8:28 AM,8,5909,1,1024,1
1/2/70 8:30 AM,3,4992,2,4000,370
1/2/70 8:31 AM,3,3535,2,1024,266
1/2/70 8:33 AM,5,2607,1,8192,244
1/2/70 8:41 AM,9,28,1,3200,152
1/2/70 8:44 AM,7,45,1,3200,152
1/2/70 8:45 AM,11,7592,1,16384,66
1/2/70 8:46 AM,6,175,1,3200,152
1/2/70 8:49 AM,5,4674,1,1024,1
1/2/70 8:50 AM,5,64,1,3200,152
1/2/70 8:50 AM,5,2406,1,12800,25
1/2/70 8:51 AM,15,22,1,3200,152
1/2/70 8:57 AM,10,35,2,11808,284
1/2/70 9:00 AM,6,78,1,11840,15
1/2/70 9:02 AM,6,7818,1,1024,1
1/2/70 9:07 AM,4,670,8,32768,623
1/2/70 9:08 AM,7,3955,1,1024,1
1/2/70 9:10 AM,17,119,1,8192,244
1/2/70 9:12 AM,14,8408,1,8192,244
1/2/70 9:13 AM,7,2300,1,4096,176
1/2/70 9:14 AM,51,354,1,8192,244
1/2/70 9:15 AM,5,200,1,2048,89
1/2/70 9:16 AM,94,4881,8,32768,623
1/2/70 9:17 AM,15518,3785,8,32768,623
1/2/70 9:17 AM,13,34,2,11808,284
1/2/70 9:19 AM,5,1227,1,1024,1
1/2/70 9:21 AM,5,5511,2,9600,436
1/2/70 9:30 AM,66,67,1,11840,15
1/2/70 9:30 AM,6,894,1,6400,221
1/2/70 9:32 AM,9,35,1,6400,221
1/2/70 9:33 AM,9,722,1,6400,221
1/2/70 9:34 AM,4,86,1,11840,15
1/2/70 9:35 AM,35,36,2,11808,284
1/2/70 9:38 AM,8,172,1,2400,108
1/2/70 9:43 AM,5,77,1,11840,15
1/2/70 9:45 AM,6,839,1,12800,25
1/2/70 9:54 AM,9,175,2,11808,284
1/2/70 10:08 AM,12,1319,1,2400,108
1/2/70 10:13 AM,5,4583,2,3200,358
1/2/70 10:24 AM,12,2369,1,4096,176
1/2/70 10:30 AM,9,327,1,6400,221
1/2/70 10:30 AM,6,251,1,6400,221
1/2/70 10:31 AM,4,154,1,14400,44
1/2/70 10:51 AM,12,5329,1,16384,66
1/2/70 10:53 AM,5,121,1,14400,44
1/2/70 10:58 AM,6,1950,1,8192,244
1/2/70 10:58 AM,137,670,1,8192,244
1/2/70 11:03 AM,14,179,1,14400,44
1/2/70 11:06 AM,8,4647,2,9600,436
1/2/70 11:12 AM,5,1011,1,8192,244
1/2/70 11:30 AM,14,7519,8,32768,623
1/2/70 11:55 AM,9,49,1,1024,1
1/2/70 12:00 PM,3,544,2,9600,436
1/2/70 12:10 PM,3,129,2,9600,436
1/2/70 12:10 PM,4,10180,1,12800,25
1/2/70 12:12 PM,4,1251,2,9600,436
1/2/70 12:20 PM,4,6331,1,16384,66
1/2/70 12:27 PM,3,7216,2,9600,436
1/2/70 12:42 PM,7,5617,2,4000,370
1/2/70 1:16 PM,5,2188,1,4096,176
1/2/70 1:35 PM,15,13626,10,32768,262
1/2/70 2:06 PM,3222,4182,1,16384,66
1/2/70 3:00 PM,14,6368,2,9600,436
1/2/70 3:07 PM,3,3453,2,1024,266
1/2/70 4:02 PM,160758,407,4,32768,541
1/2/70 4:05 PM,4,992,2,11808,284
1/2/70 4:10 PM,9,4148,1,16384,66
1/2/70 4:44 PM,9,3443,2,11808,284
1/2/70 5:09 PM,6,2095,2,11808,284
1/2/70 5:19 PM,4,4181,1,16384,66
1/2/70 5:23 PM,8,7499,8,32768,623
1/2/70 5:43 PM,33470,3984,4,5904,583
1/2/70 5:48 PM,33142,12707,4,5904,583
1/2/70 6:29 PM,5,2870,1,16384,66
1/2/70 7:17 PM,9,69,1,16384,66
1/2/70 7:18 PM,4,66,1,16384,66
1/2/70 7:19 PM,4,65,1,16384,66
1/2/70 7:20 PM,4,65,1,16384,66
1/2/70 7:21 PM,4,65,1,16384,66
1/2/70 7:23 PM,4,64,1,16384,66
1/2/70 7:24 PM,3,65,1,16384,66
1/2/70 7:25 PM,3,66,1,16384,66
1/2/70 7:26 PM,3,69,1,16384,66
1/2/70 7:27 PM,4,71,1,16384,66
1/2/70 7:28 PM,7,11843,10,32768,262
1/2/70 7:29 PM,4,65,1,16384,66
1/2/70 7:30 PM,4,67,1,16384,66
1/2/70 7:31 PM,4,68,1,16384,66
1/2/70 7:32 PM,3,70,1,16384,66
1/2/70 7:49 PM,5,81,1,16384,66
1/2/70 7:50 PM,3,68,1,16384,66
1/2/70 7:51 PM,4,67,1,16384,66
1/2/70 7:52 PM,3,66,1,16384,66
1/2/70 7:54 PM,4,65,1,16384,66
1/2/70 7:55 PM,4,64,1,16384,66
1/2/70 7:56 PM,3,67,1,16384,66
1/2/70 7:57 PM,4,66,1,16384,66
1/2/70 7:58 PM,5,66,1,16384,66
1/2/70 8:00 PM,3,65,1,16384,66
1/2/70 8:01 PM,4,66,1,16384,66
1/2/70 8:02 PM,4,66,1,16384,66
1/2/70 8:03 PM,4,66,1,16384,66
1/2/70 8:04 PM,3,64,1,16384,66
1/2/70 8:06 PM,4,63,1,16384,66
1/2/70 8:07 PM,5,64,1,16384,66
1/2/70 8:08 PM,4,67,1,16384,66
1/2/70 8:09 PM,4,66,1,16384,66
1/2/70 8:10 PM,4,70,1,16384,66
1/2/70 8:12 PM,4,66,1,16384,66
1/2/70 8:13 PM,5,65,1,16384,66
1/2/70 8:14 PM,6,78,1,16384,66
1/2/70 8:15 PM,5,70,1,16384,66
1/2/70 8:17 PM,5,68,1,16384,66
1/2/70 8:33 PM,5,87,1,16384,66
1/2/70 8:35 PM,5,66,1,16384,66
1/2/70 8:36 PM,4,67,1,16384,66
1/2/70 8:37 PM,5,72,1,16384,66
1/2/70 8:53 PM,4,81,1,16384,66
1/2/70 8:55 PM,4,66,1,16384,66
1/2/70 8:56 PM,3,65,1,16384,66
1/2/70 8:57 PM,3,67,1,16384,66
1/2/70 8:58 PM,4,65,1,16384,66
1/2/70 9:00 PM,3,65,1,16384,66
1/2/70 9:01 PM,3,64,1,16384,66
1/2/70 9:02 PM,4,66,1,16384,66
1/2/70 9:03 PM,4,68,1,16384,66
1/2/70 9:04 PM,4,65,1,16384,66
1/2/70 9:06 PM,3,65,1,16384,66
1/2/70 9:07 PM,4,64,1,16384,66
1/2/70 9:08 PM,3,66,1,16384,66
1/2/70 9:09 PM,4,71,1,16384,66
1/2/70 9:10 PM,3,68,1,16384,66
1/2/70 9:12 PM,3,66,1,16384,66
1/2/70 9:13 PM,3,66,1,16384,66
1/2/70 9:14 PM,3,68,1,16384,66
1/2/70 9:15 PM,4,67,1,16384,66
1/2/70 9:16 PM,4,65,1,16384,66
1/2/70 9:18 PM,4,66,1,16384,66
1/2/70 9:19 PM,4,65,1,16384,66
1/2/70 9:20 PM,3,67,1,16384,66
1/2/70 9:21 PM,4,68,1,16384,66
1/2/70 9:22 PM,4,65,1,16384,66
1/2/70 9:24 PM,3,65,1,16384,66
1/2/70 9:25 PM,4,66,1,16384,66
1/2/70 9:26 PM,4,70,1,16384,66
1/2/70 9:27 PM,4,72,1,16384,66
1/2/70 9:29 PM,5,65,1,16384,66
1/2/70 9:30 PM,4,65,1,16384,66
1/2/70 9:31 PM,5,65,1,16384,66
1/2/70 9:32 PM,4,66,1,16384,66
1/2/70 9:33 PM,4,67,1,16384,66
1/2/70 9:35 PM,4,64,1,16384,66
1/2/70 9:36 PM,4,66,1,16384,66
1/2/70 9:37 PM,4,66,1,16384,66
1/2/70 9:38 PM,4,67,1,16384,66
1/2/70 9:39 PM,4,67,1,16384,66
1/2/70 9:41 PM,4,66,1,16384,66
1/2/70 9:42 PM,4,65,1,16384,66
1/2/70 9:43 PM,4,65,1,16384,66
1/2/70 11:31 PM,12710,394,10,32768,262
1/3/70 1:26 AM,5764,12795,1,1024,1
1/3/70 1:29 AM,5654,12871,1,1024,1
1/3/70 1:46 AM,4588,29,2,16384,326
1/3/70 3:01 AM,134,12766,1,4096,176
1/3/70 3:03 AM,106,1040,1,4096,176
1/3/70 3:05 AM,7,98,1,11840,15
1/3/70 3:06 AM,23,3428,4,8192,612
1/3/70 3:07 AM,5,12520,1,12800,25
1/3/70 3:12 AM,12,44,1,14400,44
1/3/70 3:14 AM,4,18,2,4800,379
1/3/70 3:14 AM,4,35,1,12800,25
1/3/70 3:15 AM,4,2205,8,32768,623
1/3/70 3:15 AM,3,11929,2,4800,379
1/3/70 3:15 AM,6,52,1,6400,221
1/3/70 3:15 AM,5,1297,1,12800,25
1/3/70 3:16 AM,27,11856,2,4000,370
1/3/70 3:17 AM,5,11785,2,4000,370
1/3/70 3:20 AM,9,212,1,4096,176
1/3/70 3:28 AM,7,140,1,12800,25
1/3/70 3:28 AM,4,24,1,1024,1
1/3/70 3:32 AM,7,11039,1,12800,25
1/3/70 3:33 AM,213,10833,1,11840,15
1/3/70 3:37 AM,8,48,1,14400,44
1/3/70 3:38 AM,4,10723,1,4096,176
1/3/70 3:39 AM,3,10425,4,2400,520
1/3/70 3:41 AM,4,65,1,14400,44
1/3/70 3:41 AM,3,268,10,32768,262
1/3/70 3:42 AM,3,15,1,64,220
1/3/70 3:42 AM,3,10499,1,11840,15
1/3/70 4:03 AM,255,8728,4,16384,497
1/3/70 4:07 AM,146,8599,4,3424,545
1/3/70 4:18 AM,7808,12918,10,16384,261
1/3/70 5:19 AM,4610,14,1,64,220
1/3/70 5:43 AM,3188,940,1,1024,1
1/3/70 6:08 AM,1492,7877,4,3424,545
1/3/70 6:34 AM,115,368,1,8192,244
1/3/70 6:35 AM,5,3699,4,8192,612
1/3/70 6:36 AM,3,286,1,8192,244
1/3/70 6:39 AM,4,11,1,1280,24
1/3/70 6:39 AM,4,6448,1,12800,25
1/3/70 6:40 AM,3,2924,4,8192,612
1/3/70 6:40 AM,5,2205,1,11840,15
1/3/70 6:42 AM,16,11,1,1280,24
1/3/70 6:45 AM,14,334,1,1024,1
1/3/70 6:48 AM,28,4533,1,8192,244
1/3/70 6:49 AM,5,10,1,1280,24
1/3/70 6:50 AM,5,656,1,1024,1
1/3/70 6:52 AM,6,22,1,1024,1
1/3/70 6:52 AM,3,821,2,3200,358
1/3/70 6:53 AM,5,12,1,1280,24
1/3/70 6:54 AM,5,2132,1,14400,44
1/3/70 6:55 AM,6,4962,1,3840,171
1/3/70 6:59 AM,13,374,4,16384,497
1/3/70 7:01 AM,5,9,1,1280,24
1/3/70 7:02 AM,3,2966,4,2400,520
1/3/70 7:04 AM,9,8,1,1280,24
1/3/70 7:05 AM,3,216,2,1920,333
1/3/70 7:05 AM,15,917,1,1024,1
1/3/70 7:05 AM,5,1169,1,3200,152
1/3/70 7:07 AM,106846,22099,4,32768,541
1/3/70 7:08 AM,3,680,2,3200,358
1/3/70 7:09 AM,7,15,1,1280,24
1/3/70 7:12 AM,10,16,1,1280,24
1/3/70 7:16 AM,22,34,1,6400,221
1/3/70 7:17 AM,16,12,1,1280,24
1/3/70 7:20 AM,37,269,1,8192,244
1/3/70 7:21 AM,8,1449,1,1984,85
1/3/70 7:22 AM,75,132,1,8192,244
1/3/70 7:22 AM,6,56,2,1920,333
1/3/70 7:26 AM,9,2566,1,3200,152
1/3/70 7:27 AM,5,448,1,11840,15
1/3/70 7:29 AM,5,28,1,1024,1
1/3/70 7:29 AM,8,12,1,1280,24
1/3/70 7:35 AM,6,45,1,11840,15
1/3/70 7:36 AM,6,820,1,11840,15
1/3/70 7:37 AM,5,12,1,1280,24
1/3/70 7:44 AM,6,37,2,9760,438
1/3/70 7:45 AM,5,10365,8,32768,623
1/3/70 7:45 AM,4,124,1,14400,44
1/3/70 7:46 AM,34803,141,10,32768,262
1/3/70 7:50 AM,12,33,1,14400,44
1/3/70 7:57 AM,31,254,1,1984,85
1/3/70 7:59 AM,6,683,1,11840,15
1/3/70 8:00 AM,4,15887,4,5904,583
1/3/70 8:00 AM,6,177,2,1920,333
1/3/70 8:00 AM,5,979,2,11808,284
1/3/70 8:00 AM,5,21,1,1024,1
1/3/70 8:02 AM,3,1493,2,9600,436
1/3/70 8:02 AM,4,35,2,8192,424
1/3/70 8:03 AM,7,1004,2,3200,358
1/3/70 8:06 AM,9,110,1,14400,44
1/3/70 8:08 AM,7,16,1,1280,24
1/3/70 8:08 AM,4,3359,2,9600,436
1/3/70 8:10 AM,3,3055,2,9600,436
1/3/70 8:11 AM,4,1207,4,8192,612
1/3/70 8:16 AM,12,35,1,1280,24
1/3/70 8:17 AM,180,10440,4,2048,508
1/3/70 8:17 AM,8,676,4,2400,520
1/3/70 8:19 AM,5,16,1,1280,24
1/3/70 8:21 AM,5,3462,1,11840,15
1/3/70 8:29 AM,14,12,1,1280,24
1/3/70 8:32 AM,6,56,1,14400,44
1/3/70 8:33 AM,4,14,1,1280,24
1/3/70 8:36 AM,5,12958,4,3200,539
1/3/70 8:37 AM,5,44,1,14400,44
1/3/70 8:38 AM,8,22,1,1280,24
1/3/70 8:39 AM,7,4159,1,12800,25
1/3/70 8:41 AM,5,11,1,1280,24
1/3/70 8:43 AM,9,5084,1,12800,25
1/3/70 8:44 AM,6,9455,4,2400,520
1/3/70 8:45 AM,5,2045,1,8192,244
1/3/70 8:46 AM,6,11,1,1280,24
1/3/70 8:47 AM,6,361,1,4096,176
1/3/70 8:49 AM,5,13730,4,5904,583
1/3/70 8:52 AM,5,23,1,1024,1
1/3/70 8:55 AM,6,20,1,1024,1
1/3/70 9:02 AM,9,32,1,1024,1
1/3/70 9:02 AM,5,964,2,1024,266
1/3/70 9:04 AM,7,386,2,16384,326
1/3/70 9:06 AM,6,26,1,1024,1
1/3/70 9:08 AM,4,1676,2,9600,436
1/3/70 9:12 AM,4,22,1,1024,1
1/3/70 9:13 AM,3,1409,2,9600,436
1/3/70 9:16 AM,8,43,1,1024,1
1/3/70 9:18 AM,13,66,1,14400,44
1/3/70 9:19 AM,4,30,1,11840,15
1/3/70 9:21 AM,6,23,1,1024,1
1/3/70 9:22 AM,11,2318,1,8192,244
1/3/70 9:24 AM,8,41,1,1024,1
1/3/70 9:27 AM,3,74,1,14400,44
1/3/70 9:28 AM,4,27,1,1024,1
1/3/70 9:29 AM,9,1451,2,3200,358
1/3/70 9:30 AM,3,186,2,10240,267
1/3/70 9:31 AM,5,544,1,1600,62
1/3/70 9:33 AM,8,44,1,1024,1
1/3/70 9:34 AM,4,100,1,14400,44
1/3/70 9:37 AM,7,54,1,11840,15
1/3/70 9:40 AM,3,66,1,14400,44
1/3/70 9:44 AM,8,346,1,1600,62
1/3/70 9:46 AM,156,35,1,11840,15
1/3/70 9:47 AM,136,79,1,14400,44
1/3/70 9:49 AM,4,743,2,9600,436
1/3/70 9:53 AM,4,480,2,9600,436
1/3/70 9:54 AM,6,31,1,11840,15
1/3/70 9:55 AM,8,363,1,1600,62
1/3/70 9:55 AM,11,2225,1,1024,1
1/3/70 9:58 AM,6,51,1,11840,15
1/3/70 10:01 AM,12,428,1,1600,62
1/3/70 10:02 AM,8,4332,2,9600,436
1/3/70 10:03 AM,8,14156,10,16384,261
1/3/70 10:07 AM,7,4002,1,8192,244
1/3/70 10:10 AM,10,30,1,11840,15
1/3/70 10:12 AM,5,16,1,1600,62
1/3/70 10:19 AM,4,27,1,14400,44
1/3/70 10:19 AM,5,16,1,1600,62
1/3/70 10:19 AM,5,65,1,11840,15
1/3/70 10:22 AM,14,4790,1,12800,25
1/3/70 10:25 AM,4,1062,1,1984,85
1/3/70 10:26 AM,8,168,1,11840,15
1/3/70 10:33 AM,22,495,1,11840,15
1/3/70 10:35 AM,5,3671,1,1024,1
1/3/70 10:38 AM,15,11286,8,32768,623
1/3/70 10:41 AM,11883,12370,10,32768,262
1/3/70 10:42 AM,5,80,1,11840,15
1/3/70 10:48 AM,6,33,1,11840,15
1/3/70 10:51 AM,5,52,1,11840,15
1/3/70 10:55 AM,14,48,1,11840,15
1/3/70 10:58 AM,5,30,1,11840,15
1/3/70 11:00 AM,7,2834,1,6400,221
1/3/70 11:03 AM,4,27,1,11840,15
1/3/70 11:06 AM,3,878,2,16384,326
1/3/70 11:12 AM,10,877,1,8192,244
1/3/70 11:17 AM,4,27,1,11840,15
1/3/70 11:18 AM,3,1924,2,9600,436
1/3/70 11:18 AM,3,1921,2,9600,436
1/3/70 11:20 AM,3,46,1,11840,15
1/3/70 11:27 AM,4,31,1,11840,15
1/3/70 11:38 AM,4,506,1,1024,1
1/3/70 11:42 AM,7,30,1,11840,15
1/3/70 11:42 AM,7,5023,1,12800,25
1/3/70 11:45 AM,2351,41,4,16384,497
1/3/70 11:46 AM,10,37,1,11840,15
1/3/70 11:48 AM,4,2532,1,11840,15
1/3/70 11:57 AM,5,828,1,11840,15
1/3/70 12:04 PM,4,5658,2,9600,436
1/3/70 12:05 PM,3,603,2,10240,267
1/3/70 12:08 PM,9,6541,1,8192,244
1/3/70 12:14 PM,6,996,1,11840,15
1/3/70 12:23 PM,3,1723,2,4000,370
1/3/70 12:27 PM,3,850,2,8192,424
1/3/70 12:33 PM,3,17,1,11840,15
1/3/70 12:34 PM,3,26,1,11840,15
1/3/70 12:43 PM,4,3051,4,6800,596
1/3/70 12:44 PM,3,1129,2,1600,324
1/3/70 12:45 PM,3,32,1,11840,15
1/3/70 1:00 PM,4,31,1,11840,15
1/3/70 1:09 PM,5,30,1,11840,15
1/3/70 1:13 PM,4,26,1,11840,15
1/3/70 1:21 PM,8,4261,1,12800,25
1/3/70 1:22 PM,4,33,1,11840,15
1/3/70 1:25 PM,5,33,1,11840,15
1/3/70 1:27 PM,4,32,1,11840,15
1/3/70 1:30 PM,5,31,1,11840,15
1/3/70 1:32 PM,9,25,1,11840,15
1/3/70 1:32 PM,3,3145,4,6800,596
1/3/70 1:36 PM,4,37,1,11840,15
1/3/70 1:38 PM,6,36,1,11840,15
1/3/70 1:41 PM,5,36,1,11840,15
1/3/70 1:44 PM,3,2711,2,4000,370
1/3/70 1:45 PM,5,37,1,11840,15
1/3/70 1:46 PM,4,1576,1,11840,15
1/3/70 1:59 PM,17,17311,8,32768,623
1/3/70 2:09 PM,5,38,1,11840,15
1/3/70 2:13 PM,5,36,1,11840,15
1/3/70 2:19 PM,5,613,1,11840,15
1/3/70 2:21 PM,5,172,1,11840,15
1/3/70 2:24 PM,3,3067,4,6800,596
1/3/70 2:25 PM,6,16,1,1024,1
1/3/70 2:29 PM,5,35,1,11840,15
1/3/70 2:30 PM,7,17,1,1024,1
1/3/70 2:33 PM,8,4266,1,12800,25
1/3/70 2:45 PM,4,18,2,3200,358
1/3/70 3:04 PM,6,15,2,3200,358
1/3/70 3:08 PM,3,15,2,3200,358
1/3/70 3:14 PM,3,4921,4,6800,596
1/3/70 3:25 PM,9,35,4,5904,583
1/3/70 3:32 PM,4,7818,4,5904,583
1/3/70 3:32 PM,4,4209,2,9600,436
1/3/70 3:44 PM,9,4353,1,12800,25
1/3/70 4:09 PM,5,22,2,11808,284
1/3/70 4:12 PM,5,68,2,11808,284
1/3/70 4:35 PM,5,5101,4,6800,596
1/3/70 4:57 PM,9,4302,1,12800,25
1/3/70 5:06 PM,5,19,2,11808,284
1/3/70 5:13 PM,10,488,4,4800,566
1/3/70 5:20 PM,4,4319,2,9600,436
1/3/70 5:47 PM,4,23,2,11808,284
1/3/70 5:49 PM,3,57,2,11808,284
1/3/70 5:59 PM,5,335,2,11808,284
1/3/70 6:00 PM,4,3040,4,6800,596
1/3/70 6:08 PM,7,4214,1,12800,25
1/3/70 6:42 PM,5,129,2,11808,284
1/3/70 6:49 PM,4,6606,4,6800,596
1/3/70 7:03 PM,4,10988,4,5904,583
1/3/70 7:16 PM,5,63,2,11808,284
1/3/70 7:17 PM,3,10833,4,5904,583
1/3/70 7:19 PM,9,4263,1,12800,25
1/3/70 8:30 PM,14,2440,1,12800,25
1/3/70 8:38 PM,5,6923,4,6800,596
1/3/70 9:11 PM,9,69,1,12800,25
1/3/70 9:12 PM,6,63,1,12800,25
1/3/70 9:14 PM,6,65,1,12800,25
1/3/70 9:15 PM,6,66,1,12800,25
1/3/70 9:16 PM,6,63,1,12800,25
1/3/70 9:17 PM,7,64,1,12800,25
1/3/70 9:18 PM,7,63,1,12800,25
1/3/70 9:20 PM,6,65,1,12800,25
1/3/70 9:21 PM,6,67,1,12800,25
1/3/70 9:22 PM,6,64,1,12800,25
1/3/70 9:23 PM,6,69,1,12800,25
1/3/70 9:25 PM,6,63,1,12800,25
1/3/70 9:26 PM,6,63,1,12800,25
1/3/70 9:27 PM,7,66,1,12800,25
1/3/70 9:28 PM,6,62,1,12800,25
1/3/70 9:29 PM,7,64,1,12800,25
1/3/70 9:31 PM,6,66,1,12800,25
1/3/70 9:32 PM,6,64,1,12800,25
1/3/70 9:33 PM,6,64,1,12800,25
1/3/70 9:34 PM,6,63,1,12800,25
1/3/70 9:35 PM,6,63,1,12800,25
1/3/70 9:37 PM,7,65,1,12800,25
1/3/70 9:38 PM,7,63,1,12800,25
1/3/70 9:39 PM,7,63,1,12800,25
1/3/70 9:40 PM,6,63,1,12800,25
1/3/70 9:41 PM,6,65,1,12800,25
1/3/70 9:43 PM,6,64,1,12800,25
1/3/70 9:44 PM,7,64,1,12800,25
1/3/70 9:45 PM,6,64,1,12800,25
1/3/70 9:46 PM,7,64,1,12800,25
1/3/70 9:47 PM,6,64,1,12800,25
1/3/70 9:49 PM,7,64,1,12800,25
1/3/70 9:50 PM,5,64,1,12800,25
1/3/70 9:51 PM,7,63,1,12800,25
1/3/70 9:52 PM,6,63,1,12800,25
1/3/70 9:53 PM,6,65,1,12800,25
1/3/70 9:55 PM,6,65,1,12800,25
1/3/70 9:56 PM,6,64,1,12800,25
1/3/70 9:57 PM,6,63,1,12800,25
1/3/70 9:58 PM,7,64,1,12800,25
1/3/70 9:59 PM,6,66,1,12800,25
1/3/70 10:01 PM,6,66,1,12800,25
1/3/70 10:02 PM,6,63,1,12800,25
1/3/70 10:03 PM,7,62,1,12800,25
1/3/70 10:04 PM,5,64,1,12800,25
1/3/70 10:06 PM,6,65,1,12800,25
1/3/70 10:33 PM,4,2993,4,6800,596
1/3/70 10:37 PM,8,78,1,12800,25
1/3/70 10:38 PM,7,63,1,12800,25
1/3/70 10:39 PM,6,65,1,12800,25
1/3/70 10:41 PM,6,65,1,12800,25
1/3/70 10:42 PM,6,63,1,12800,25
1/3/70 10:43 PM,6,63,1,12800,25
1/3/70 10:44 PM,7,62,1,12800,25
1/3/70 10:45 PM,7,64,1,12800,25
1/3/70 10:47 PM,6,65,1,12800,25
1/3/70 10:48 PM,7,63,1,12800,25
1/3/70 10:49 PM,6,63,1,12800,25
1/3/70 10:50 PM,6,63,1,12800,25
1/3/70 10:51 PM,6,67,1,12800,25
1/3/70 11:08 PM,21,78,1,12800,25
1/3/70 11:09 PM,6,66,1,12800,25
1/3/70 11:11 PM,6,65,1,12800,25
1/3/70 11:12 PM,6,65,1,12800,25
1/3/70 11:13 PM,6,63,1,12800,25
1/3/70 11:14 PM,7,63,1,12800,25
1/3/70 11:15 PM,7,66,1,12800,25
1/3/70 11:21 PM,5,2973,4,6800,596
1/3/70 11:32 PM,8,78,1,12800,25
1/3/70 11:33 PM,6,67,1,12800,25
1/3/70 11:35 PM,6,65,1,12800,25
1/3/70 11:36 PM,6,64,1,12800,25
1/3/70 11:37 PM,6,63,1,12800,25
1/3/70 11:38 PM,6,63,1,12800,25
1/3/70 11:39 PM,6,65,1,12800,25
1/3/70 11:41 PM,6,65,1,12800,25
1/3/70 11:42 PM,6,63,1,12800,25
1/3/70 11:43 PM,6,63,1,12800,25
1/3/70 11:44 PM,8,64,1,12800,25
1/3/70 11:45 PM,6,66,1,12800,25
1/3/70 11:47 PM,6,65,1,12800,25
1/3/70 11:48 PM,7,64,1,12800,25
1/3/70 11:48 PM,5,4092,2,9600,436
1/3/70 11:49 PM,6,63,1,12800,25
1/3/70 11:50 PM,7,63,1,12800,25
1/3/70 11:52 PM,6,64,1,12800,25
1/3/70 11:53 PM,6,66,1,12800,25
1/3/70 11:54 PM,6,64,1,12800,25
1/3/70 11:55 PM,6,65,1,12800,25
1/3/70 11:56 PM,6,63,1,12800,25
1/3/70 11:58 PM,6,64,1,12800,25
1/3/70 11:59 PM,9,66,1,12800,25
1/4/70 12:00 AM,6,63,1,12800,25
1/4/70 12:01 AM,6,64,1,12800,25
1/4/70 12:02 AM,6,63,1,12800,25
1/4/70 12:04 AM,6,67,1,12800,25
1/4/70 12:05 AM,6,64,1,12800,25
1/4/70 12:06 AM,7,64,1,12800,25
1/4/70 12:07 AM,6,64,1,12800,25
1/4/70 12:08 AM,7,70,1,12800,25
1/4/70 12:10 AM,7,65,1,12800,25
1/4/70 12:11 AM,4,3090,4,6800,596
1/4/70 12:11 AM,7,64,1,12800,25
1/4/70 12:12 AM,8,62,1,12800,25
1/4/70 12:13 AM,7,68,1,12800,25
1/4/70 12:15 AM,12,68,1,12800,25
1/4/70 12:16 AM,6,65,1,12800,25
1/4/70 12:17 AM,7,64,1,12800,25
1/4/70 12:19 AM,7,66,1,12800,25
1/4/70 12:20 AM,6,64,1,12800,25
1/4/70 12:21 AM,6,63,1,12800,25
1/4/70 12:22 AM,6,64,1,12800,25
1/4/70 12:23 AM,7,68,1,12800,25
1/4/70 12:25 AM,6,3935,1,1024,1
1/4/70 12:25 AM,7,86,1,12800,25
1/4/70 12:25 AM,5,5606,1,3200,152
1/4/70 12:25 AM,5,150,10,32768,262
1/4/70 12:26 AM,14,65,1,12800,25
1/4/70 12:28 AM,7,64,1,12800,25
1/4/70 12:29 AM,6,65,1,12800,25
1/4/70 12:30 AM,6,64,1,12800,25
1/4/70 12:31 AM,6,63,1,12800,25
1/4/70 12:32 AM,7,63,1,12800,25
1/4/70 12:34 AM,6,64,1,12800,25
1/4/70 12:35 AM,7,71,1,12800,25
1/4/70 12:53 AM,6,170,10,32768,262
1/4/70 12:58 AM,5,4010,4,3200,539
1/4/70 1:02 AM,4,3039,4,6800,596
1/4/70 1:05 AM,5,28,1,2048,89
1/4/70 1:06 AM,5,3995,1,12800,25
1/4/70 1:07 AM,5,131,10,32768,262
1/4/70 1:15 AM,7,181,10,32768,262
